step,timestamp,base_station_id,total_clients,eMBB_allocation,eMBB_usage,URLLC_allocation,URLLC_usage,mMTC_allocation,mMTC_usage
0,2025-05-19 06:39:01,0,2,0.5919616326964064,0.25464734286682544,0.3038347252160676,0.09103457557729629,0.10420364208752596,0.031674338798020445
0,2025-05-19 06:39:01,1,2,0.6313308132771732,0.1698945642961084,0.270823900234141,0.14882497078725815,0.09784528648868583,0.02967471922714953
0,2025-05-19 06:39:01,2,7,0.46539414875761614,0.17115657947939844,0.41359934684701527,0.1932836297445976,0.1210065043953687,0.04639637906786095
0,2025-05-19 06:39:01,3,5,0.5154233167839275,0.3392879109753585,0.36216161490924526,0.2347215752315643,0.12241506830682718,0.058996609179915005
0,2025-05-19 06:39:01,4,10,0.5453764373152574,0.38710277656391245,0.3582264595201035,0.2436115468493672,0.096397103164639,0.024751928151284158
0,2025-05-19 06:39:01,5,14,0.6371689384808625,0.43028457732500835,0.25185913885808436,0.17338899580463554,0.11097192266105307,0.06548900116009868
1,2025-05-19 06:44:01,0,2,0.5919616326964064,0.17697068753208914,0.3038347252160676,0.06568980531076243,0.10420364208752596,0.030449875951500786
1,2025-05-19 06:44:01,1,2,0.6313308132771732,0.11500087970855596,0.270823900234141,0.10584418698573576,0.09784528648868583,0.020714059455190042
1,2025-05-19 06:44:01,2,7,0.46539414875761614,0.17297278268599361,0.41359934684701527,0.2531743546726176,0.1210065043953687,0.03317536577328015
1,2025-05-19 06:44:01,3,5,0.5154233167839275,0.3843971829661702,0.36216161490924526,0.2675211629112299,0.12241506830682718,0.07618592089338624
1,2025-05-19 06:44:01,4,10,0.5453764373152574,0.42640422822958707,0.3582264595201035,0.2726226237577865,0.096397103164639,0.01660969368216008
1,2025-05-19 06:44:01,5,14,0.6371689384808625,0.48279235159455164,0.25185913885808436,0.19315215163779892,0.11097192266105307,0.0774692987704692
2,2025-05-19 06:49:01,0,2,0.5919616326964064,0.18635982425192188,0.3038347252160676,0.043293600725676576,0.10420364208752596,0.021544148094434896
2,2025-05-19 06:49:01,1,2,0.6313308132771732,0.07826839339861905,0.270823900234141,0.0727435065992721,0.09784528648868583,0.014033386708898565
2,2025-05-19 06:49:01,2,7,0.46539414875761614,0.1200865759954682,0.41359934684701527,0.29509786212223166,0.1210065043953687,0.02333226013825652
2,2025-05-19 06:49:01,3,5,0.5154233167839275,0.41597367335973845,0.36216161490924526,0.2619966051522028,0.12241506830682718,0.053442424884677375
2,2025-05-19 06:49:01,4,10,0.5453764373152574,0.4539152443955593,0.3582264595201035,0.29293037759368,0.096397103164639,0.011904191688230236
2,2025-05-19 06:49:01,5,14,0.6371689384808625,0.519547793583232,0.25185913885808436,0.20698636072101328,0.11097192266105307,0.08585550709772856
3,2025-05-19 06:54:01,0,2,0.5919616326964064,0.1285441085667473,0.3038347252160676,0.03037120873392028,0.10420364208752596,0.015374949683391875
3,2025-05-19 06:54:01,1,2,0.6313308132771732,0.04999875216750934,0.270823900234141,0.05206256587657531,0.09784528648868583,0.010050364766769538
3,2025-05-19 06:54:01,2,7,0.46539414875761614,0.14419943408009656,0.41359934684701527,0.3244443173369615,0.1210065043953687,0.01633793371370964
3,2025-05-19 06:54:01,3,5,0.5154233167839275,0.4380772166352362,0.36216161490924526,0.2574931967203338,0.12241506830682718,0.038423464494740794
3,2025-05-19 06:54:01,4,10,0.5453764373152574,0.47317295571173984,0.3582264595201035,0.3071458052788055,0.096397103164639,0.008032860566682782
3,2025-05-19 06:54:01,5,14,0.6371689384808625,0.5452766029753082,0.25185913885808436,0.21667030707926332,0.11097192266105307,0.09172585292681011
4,2025-05-19 06:59:01,0,2,0.5919616326964064,0.0862547014988939,0.3038347252160676,0.018751466609866416,0.10420364208752596,0.0109471858383341
4,2025-05-19 06:59:01,1,2,0.6313308132771732,0.03730898615344209,0.270823900234141,0.03458055673983029,0.09784528648868583,0.006582686984475816
4,2025-05-19 06:59:01,2,7,0.46539414875761614,0.09947160053809546,0.41359934684701527,0.34498683598727237,0.1210065043953687,0.01156456317208898
4,2025-05-19 06:59:01,3,5,0.5154233167839275,0.4535496969280846,0.36216161490924526,0.25884775016251893,0.12241506830682718,0.026492260379245777
4,2025-05-19 06:59:01,4,10,0.5453764373152574,0.4866533536330662,0.3582264595201035,0.3170966046583933,0.096397103164639,0.00580265869214224
4,2025-05-19 06:59:01,5,14,0.6371689384808625,0.5632867695497615,0.25185913885808436,0.22344906953003835,0.11097192266105307,0.0958350950071672
5,2025-05-19 07:04:01,0,2,0.5400446190158029,0.05930736929533825,0.35861919111162766,0.01021044791418164,0.10133618987256938,0.008118200452350283
5,2025-05-19 07:04:01,1,2,0.6779467794439794,0.02138252878485115,0.22755684633395465,0.022287121483966332,0.09449637422206604,0.005080697936453886
5,2025-05-19 07:04:01,2,7,0.4016637162960637,0.0717781990492585,0.46843966098781614,0.37499608857261824,0.12989662271612012,0.008008456600135744
5,2025-05-19 07:04:01,3,5,0.5189377801466704,0.46538205519146025,0.341853924219443,0.27485249828889896,0.13920829563388665,0.018717578266664415
5,2025-05-19 07:04:01,4,10,0.5210765026130938,0.48916415078787806,0.38371008314013044,0.33132499695581247,0.09521341424677568,0.003622593541971598
5,2025-05-19 07:04:01,5,14,0.6304795723919738,0.5739874168165455,0.24818241187178836,0.2271463360544865,0.12133801573623784,0.10166590098984482
6,2025-05-19 07:09:01,0,2,0.5400446190158029,0.03667205637223945,0.35861919111162766,0.0060377122975409855,0.10133618987256938,0.00603005494622047
6,2025-05-19 07:09:01,1,2,0.6779467794439794,0.01313351541311743,0.22755684633395465,0.01367960485520989,0.09449637422206604,0.00428181370757801
6,2025-05-19 07:09:01,2,7,0.4016637162960637,0.0467933862415506,0.46843966098781614,0.39600256538236034,0.12989662271612012,0.005345703030994877
6,2025-05-19 07:09:01,3,5,0.5189377801466704,0.47366470597582316,0.341853924219443,0.28636078055255804,0.13920829563388665,0.013203191451560932
6,2025-05-19 07:09:01,4,10,0.5210765026130938,0.4909217087962463,0.38371008314013044,0.3412848715640059,0.09521341424677568,0.003177885523161237
6,2025-05-19 07:09:01,5,14,0.6304795723919738,0.5814778699032943,0.24818241187178836,0.2297344226216002,0.12133801573623784,0.10574746517771914
7,2025-05-19 07:14:01,0,2,0.5400446190158029,0.024289860055335673,0.35861919111162766,0.006337973469264235,0.10133618987256938,0.003786501273498747
7,2025-05-19 07:14:01,1,2,0.6779467794439794,0.012003896657983107,0.22755684633395465,0.010320188306796485,0.09449637422206604,0.002356586698008042
7,2025-05-19 07:14:01,2,7,0.4016637162960637,0.033225075304692285,0.46843966098781614,0.4107070991491798,0.12989662271612012,0.0031725048919756553
7,2025-05-19 07:14:01,3,5,0.5189377801466704,0.4794625615248772,0.341853924219443,0.2928589575215675,0.13920829563388665,0.048916598271750336
7,2025-05-19 07:14:01,4,10,0.5210765026130938,0.4921519994021041,0.38371008314013044,0.3482567837897413,0.09521341424677568,0.0020852324695253225
7,2025-05-19 07:14:01,5,14,0.6304795723919738,0.5867211870640185,0.24818241187178836,0.2315460832185798,0.12133801573623784,0.10860456010923118
8,2025-05-19 07:19:01,0,2,0.5400446190158029,0.01903674850153867,0.35861919111162766,0.001827111409536048,0.10133618987256938,0.0020972840685986914
8,2025-05-19 07:19:01,1,2,0.6779467794439794,0.00872831707857167,0.22755684633395465,0.005571597016467388,0.09449637422206604,0.0021458502068647948
8,2025-05-19 07:19:01,2,7,0.4016637162960637,0.02037776769585536,0.46843966098781614,0.4210002727859534,0.12989662271612012,0.0031221599856430093
8,2025-05-19 07:19:01,3,5,0.5189377801466704,0.48352106040921505,0.341853924219443,0.29401071895435454,0.13920829563388665,0.07391598304588293
8,2025-05-19 07:19:01,4,10,0.5210765026130938,0.49301320282620453,0.38371008314013044,0.35313712234775607,0.09521341424677568,0.0016111700126415051
8,2025-05-19 07:19:01,5,14,0.6304795723919738,0.5890178796974853,0.24818241187178836,0.23281424563646552,0.12133801573623784,0.1106045265612896
9,2025-05-19 07:24:01,0,2,0.5400446190158029,0.08289498344873308,0.35861919111162766,0.05949014755080054,0.10133618987256938,0.0007860034284887695
9,2025-05-19 07:24:01,1,2,0.6779467794439794,0.012161843897893796,0.22755684633395465,0.005241734859466967,0.09449637422206604,0.00106022620938038
9,2025-05-19 07:24:01,2,7,0.4016637162960637,0.012398968785779417,0.46843966098781614,0.42820549433169497,0.12989662271612012,0.0011121190041673416
9,2025-05-19 07:24:01,3,5,0.5189377801466704,0.48636200962825155,0.341853924219443,0.29934429960342857,0.13920829563388665,0.09141555238777574
9,2025-05-19 07:24:01,4,10,0.5210765026130938,0.49361604522307484,0.38371008314013044,0.3565533593383664,0.09521341424677568,0.0009315665419056041
9,2025-05-19 07:24:01,5,14,0.6304795723919738,0.5849610231337588,0.24818241187178836,0.23370195932898552,0.12133801573623784,0.1120045030777305
10,2025-05-19 07:29:01,0,2,0.4993253925996433,0.05430456648089636,0.40158739965716495,0.04249941730074893,0.09908720774319169,0.0005928398315504578
10,2025-05-19 07:29:01,1,2,0.7138052149569071,0.014351052884919403,0.1942744971799651,0.0027381025368474676,0.09192028786312771,0.00021069067940375247
10,2025-05-19 07:29:01,2,7,0.3503897075486275,0.011499986399348076,0.5189311646019557,0.4476392279437438,0.1306791278494168,0.0
10,2025-05-19 07:29:01,3,5,0.5267345047307559,0.4648394638195143,0.3280454024590994,0.29910698369066896,0.1452200928101447,0.10537861312233424
10,2025-05-19 07:29:01,4,10,0.5020177302976714,0.48860628479098867,0.40369723892054377,0.3646410646292114,0.09428503078178485,0.00039612637589670407
10,2025-05-19 07:29:01,5,14,0.6251280795208629,0.5876342188570771,0.24524103028275152,0.23348506516087403,0.12963089019638566,0.11534795586038124
11,2025-05-19 07:34:01,0,2,0.4993253925996433,0.03923566521565173,0.40158739965716495,0.09755378462172645,0.09908720774319169,0.0
11,2025-05-19 07:34:01,1,2,0.7138052149569071,0.010135438370754236,0.1942744971799651,0.001882877149631839,0.09192028786312771,0.0001243728499831407
11,2025-05-19 07:34:01,2,7,0.3503897075486275,0.006258240159918687,0.5189311646019557,0.461242841472178,0.1306791278494168,3.833161622497149e-05
11,2025-05-19 07:34:01,3,5,0.5267345047307559,0.47550695852192537,0.3280454024590994,0.30041022824421115,0.1452200928101447,0.11515275563652519
11,2025-05-19 07:34:01,4,10,0.5020177302976714,0.48509945248852837,0.40369723892054377,0.37030245833280295,0.09428503078178485,0.0005488905632483599
11,2025-05-19 07:34:01,5,14,0.6251280795208629,0.5895054558633999,0.24524103028275152,0.233333239243196,0.12963089019638566,0.11768837280823677
12,2025-05-19 07:39:01,0,2,0.4993253925996433,0.02850333012674372,0.40158739965716495,0.07135250945069811,0.09908720774319169,0.0
12,2025-05-19 07:39:01,1,2,0.7138052149569071,0.010201133806785771,0.1942744971799651,0.0027574887305468207,0.09192028786312771,0.0
12,2025-05-19 07:39:01,2,7,0.3503897075486275,0.003028766112143451,0.5189311646019557,0.46942833490338565,0.1306791278494168,0.000247748883675476
12,2025-05-19 07:39:01,3,5,0.5267345047307559,0.4543462196680764,0.3280454024590994,0.30378009947179113,0.1452200928101447,0.12199465539645887
12,2025-05-19 07:39:01,4,10,0.5020177302976714,0.4826446698768062,0.40369723892054377,0.374265433925317,0.09428503078178485,0.0003261295682415245
12,2025-05-19 07:39:01,5,14,0.6251280795208629,0.5908153217678258,0.24524103028275152,0.23322696110082136,0.12963089019638566,0.11932666467173564
13,2025-05-19 07:44:01,0,2,0.4993253925996433,0.02312438448584042,0.40158739965716495,0.05263638271816731,0.09908720774319169,0.00027652815787173457
13,2025-05-19 07:44:01,1,2,0.7138052149569071,0.0020255286907676145,0.1942744971799651,0.0010965999912388147,0.09192028786312771,0.00011858024488855492
13,2025-05-19 07:44:01,2,7,0.3503897075486275,0.03360194349181998,0.5189311646019557,0.3780707118270477,0.1306791278494168,0.0008667287832420695
13,2025-05-19 07:44:01,3,5,0.5267345047307559,0.4421603533689592,0.3280454024590994,0.3061390093310971,0.1452200928101447,0.12678398522841244
13,2025-05-19 07:44:01,4,10,0.5020177302976714,0.48092632204860064,0.40369723892054377,0.37703951684007686,0.09428503078178485,0.0
13,2025-05-19 07:44:01,5,14,0.6251280795208629,0.5917322279009241,0.24524103028275152,0.2331525664011591,0.12963089019638566,0.12047346897618484
14,2025-05-19 07:49:01,0,2,0.4993253925996433,0.08756641868097989,0.40158739965716495,0.037489620777775616,0.09908720774319169,0.00105877253276737
14,2025-05-19 07:49:01,1,2,0.7138052149569071,0.077542941461731,0.1942744971799651,0.000579676066648859,0.09192028786312771,0.0
14,2025-05-19 07:49:01,2,7,0.3503897075486275,0.05585263849095273,0.5189311646019557,0.31637153398108875,0.1306791278494168,1.2471914701288247e-07
14,2025-05-19 07:49:01,3,5,0.5267345047307559,0.43128283066200035,0.3280454024590994,0.21541616294737334,0.1452200928101447,0.13013651611077995
14,2025-05-19 07:49:01,4,10,0.5020177302976714,0.4797234785688568,0.40369723892054377,0.37898137488040873,0.09428503078178485,0.0007122088202048603
14,2025-05-19 07:49:01,5,14,0.6251280795208629,0.5923740621940927,0.24524103028275152,0.16324328614566186,0.12963089019638566,0.1212762319892993
15,2025-05-19 07:54:01,0,2,0.4673887444301064,0.06436265491172437,0.43528795537915504,0.027464866289540476,0.09732330019073858,0.0015901134140013542
15,2025-05-19 07:54:01,1,2,0.7413886268899285,0.1967304555263523,0.1686726901384347,0.0017597024513338398,0.08993868297163671,0.00025219273484787953
15,2025-05-19 07:54:01,2,7,0.3096338627321447,0.03843876887162568,0.5624169308760667,0.2783759142376597,0.12794920639178844,0.005411443024011927
15,2025-05-19 07:54:01,3,5,0.5362722778101552,0.4547355806392945,0.31593735338914797,0.15336667619194075,0.14779036880069685,0.13321581638574456
15,2025-05-19 07:54:01,4,10,0.487069673579693,0.47462129196841224,0.4193734395326326,0.38480839268308636,0.0935568868876744,0.0
15,2025-05-19 07:54:01,5,14,0.6222044000400145,0.5919900975472691,0.24116433671414794,0.11565216296373808,0.13663126324583752,0.12383327241757319
16,2025-05-19 07:59:01,0,2,0.4673887444301064,0.04912022909120668,0.43528795537915504,0.021462180359469216,0.09732330019073858,0.0009295206250427238
16,2025-05-19 07:59:01,1,2,0.7413886268899285,0.17546900082797343,0.1686726901384347,0.0013318553087704702,0.08993868297163671,0.0001987493748876782
16,2025-05-19 07:59:01,2,7,0.3096338627321447,0.026850764451308837,0.5624169308760667,0.3012942464405011,0.12794920639178844,0.0033281064071085053
16,2025-05-19 07:59:01,3,5,0.5362722778101552,0.4373638165233116,0.31593735338914797,0.1083696022692463,0.14779036880069685,0.1353713265782198
16,2025-05-19 07:59:01,4,10,0.487069673579693,0.47104976134810106,0.4193734395326326,0.3888873051449607,0.0935568868876744,0.0
16,2025-05-19 07:59:01,5,14,0.6222044000400145,0.5917213222944925,0.24116433671414794,0.07914355681490103,0.13663126324583752,0.1256232007173649
17,2025-05-19 08:04:01,0,2,0.4673887444301064,0.03287579428568986,0.43528795537915504,0.01502589169304751,0.09732330019073858,0.0010899908754132253
17,2025-05-19 08:04:01,1,2,0.7413886268899285,0.1670060418048417,0.1686726901384347,0.023836861676907434,0.08993868297163671,0.00010361528490988676
17,2025-05-19 08:04:01,2,7,0.3096338627321447,0.021402182954625905,0.5624169308760667,0.3711947978080298,0.12794920639178844,0.0023374609033153288
17,2025-05-19 08:04:01,3,5,0.5362722778101552,0.4521855594129629,0.31593735338914797,0.07406624644266728,0.14779036880069685,0.13688018371295246
17,2025-05-19 08:04:01,4,10,0.487069673579693,0.46854968991388324,0.4193734395326326,0.3917425438682728,0.0935568868876744,0.0
17,2025-05-19 08:04:01,5,14,0.6222044000400145,0.5915331796175488,0.24116433671414794,0.054622262907667314,0.13663126324583752,0.12687615052721912
18,2025-05-19 08:09:01,0,2,0.4673887444301064,0.020613122533743162,0.43528795537915504,0.07576237859473066,0.09732330019073858,0.0011811697350848848
18,2025-05-19 08:09:01,1,2,0.7413886268899285,0.15599796402261806,0.1686726901384347,0.015442115081178365,0.08993868297163671,0.0005845881736116988
18,2025-05-19 08:09:01,2,7,0.3096338627321447,0.016551006158187158,0.5624169308760667,0.42012518376529984,0.12794920639178844,0.0009260158832377243
18,2025-05-19 08:09:01,3,5,0.5362722778101552,0.46415655052348564,0.31593735338914797,0.054593491466213055,0.14779036880069685,0.1379363837072653
18,2025-05-19 08:09:01,4,10,0.487069673579693,0.46679963990993073,0.4193734395326326,0.3937412109745912,0.0935568868876744,0.0
18,2025-05-19 08:09:01,5,14,0.6222044000400145,0.5914014797436883,0.24116433671414794,0.03957200052132804,0.13663126324583752,0.12775321539411708
19,2025-05-19 08:14:01,0,2,0.4673887444301064,0.01768061761627502,0.43528795537915504,0.05101739989335319,0.09732330019073858,0.0007898651415266598
19,2025-05-19 08:14:01,1,2,0.7413886268899285,0.15151054095669889,0.1686726901384347,0.011968507644324031,0.08993868297163671,0.0006374057440520348
19,2025-05-19 08:14:01,2,7,0.3096338627321447,0.010883128217403166,0.5624169308760667,0.45437645393538884,0.12794920639178844,0.0015272100807034242
19,2025-05-19 08:14:01,3,5,0.5362722778101552,0.47774718454233417,0.31593735338914797,0.039038279510350514,0.14779036880069685,0.1386757237032843
19,2025-05-19 08:14:01,4,10,0.487069673579693,0.465574604907164,0.4193734395326326,0.39514027794901413,0.0935568868876744,0.0
19,2025-05-19 08:14:01,5,14,0.6222044000400145,0.5913092898319859,0.24116433671414794,0.02812098773363704,0.13663126324583752,0.12836716080094562
20,2025-05-19 08:19:01,0,2,0.44234039292458727,0.05875254518771414,0.461719763788559,0.03850334136632407,0.09593984328685379,0.0007720048168370446
20,2025-05-19 08:19:01,1,2,0.7626066360691758,0.13943587238675653,0.14897899241418053,0.03420776489060778,0.08841437151664362,0.0006451306070716945
20,2025-05-19 08:19:01,2,7,0.277567243996096,0.007097275105753923,0.5976705038312959,0.4883996113466915,0.12476225217260807,0.00021515758488406176
20,2025-05-19 08:19:01,3,5,0.550964147859917,0.4819698020039255,0.29724601698204417,0.02988670828294005,0.15178983515803884,0.14033310961234008
20,2025-05-19 08:19:01,4,10,0.4753457075263766,0.4613757500800321,0.4316684988362317,0.3996237167326359,0.09298579363739169,0.00022215900174432656
20,2025-05-19 08:19:01,5,14,0.6261129656457474,0.5923586980914282,0.2299707415617056,0.02173780541746728,0.14391629279254708,0.13087315600653784
21,2025-05-19 08:24:01,0,2,0.44234039292458727,0.0935676216209797,0.461719763788559,0.029861808167852916,0.09593984328685379,0.0
21,2025-05-19 08:24:01,1,2,0.7626066360691758,0.13634284164264593,0.14897899241418053,0.02339949468612425,0.08841437151664362,0.0
21,2025-05-19 08:24:01,2,7,0.277567243996096,0.03272095157832078,0.5976705038312959,0.5122158215346034,0.12476225217260807,0.000969502083622905
21,2025-05-19 08:24:01,3,5,0.550964147859917,0.48616238838806786,0.29724601698204417,0.019266884789865033,0.15178983515803884,0.14149327974867912
21,2025-05-19 08:24:01,4,10,0.4753457075263766,0.4223764408388947,0.4316684988362317,0.40276212388117116,0.09298579363739169,0.0
21,2025-05-19 08:24:01,5,14,0.6261129656457474,0.5930932838730376,0.2299707415617056,0.015848735628643112,0.14391629279254708,0.1326273526504524
22,2025-05-19 08:29:01,0,2,0.44234039292458727,0.06336830224104485,0.461719763788559,0.016922463904821668,0.09593984328685379,0.0
22,2025-05-19 08:29:01,1,2,0.7626066360691758,0.20357957271726695,0.14897899241418053,0.016952879823213203,0.08841437151664362,0.0
22,2025-05-19 08:29:01,2,7,0.277567243996096,0.02485685887917504,0.5976705038312959,0.5288871686661417,0.12476225217260807,0.009531848872288574
22,2025-05-19 08:29:01,3,5,0.550964147859917,0.34330730458329645,0.29724601698204417,0.010871320415479903,0.15178983515803884,0.14230539884411644
22,2025-05-19 08:29:01,4,10,0.4753457075263766,0.4311370352322436,0.4316684988362317,0.4049590088851458,0.09298579363739169,0.00040360658675275124
22,2025-05-19 08:29:01,5,14,0.6261129656457474,0.5936074939201643,0.2299707415617056,0.012113786143742016,0.14391629279254708,0.1338552903011926
23,2025-05-19 08:34:01,0,2,0.44234039292458727,0.08753744446873074,0.461719763788559,0.01535102936466268,0.09593984328685379,0.0
23,2025-05-19 08:34:01,1,2,0.7626066360691758,0.18747586726382506,0.14897899241418053,0.012135143688081563,0.08841437151664362,0.0
23,2025-05-19 08:34:01,2,7,0.277567243996096,0.015737803503830684,0.5976705038312959,0.5405571116582185,0.12476225217260807,0.007090782742231626
23,2025-05-19 08:34:01,3,5,0.550964147859917,0.2376109700549115,0.29724601698204417,0.0082824061863983,0.15178983515803884,0.14287388221092256
23,2025-05-19 08:34:01,4,10,0.4753457075263766,0.4372694513075878,0.4316684988362317,0.40649682838792806,0.09298579363739169,0.0
23,2025-05-19 08:34:01,5,14,0.6261129656457474,0.593967440953153,0.2299707415617056,0.009188705286541457,0.14391629279254708,0.1347148466567107
24,2025-05-19 08:39:01,0,2,0.44234039292458727,0.11067356382034355,0.461719763788559,0.11774526373163428,0.09593984328685379,0.0
24,2025-05-19 08:39:01,1,2,0.7626066360691758,0.16526422003694763,0.14897899241418053,0.007170968005607468,0.08841437151664362,0.00012175588316922517
24,2025-05-19 08:39:01,2,7,0.277567243996096,0.009583711439092646,0.5976705038312959,0.5487260717526723,0.12476225217260807,0.005341925694862544
24,2025-05-19 08:39:01,3,5,0.550964147859917,0.1697705523427819,0.29724601698204417,0.007746671502996823,0.15178983515803884,0.14327182056768686
24,2025-05-19 08:39:01,4,10,0.4753457075263766,0.4415621425603288,0.4316684988362317,0.40757330203987563,0.09298579363739169,0.0
24,2025-05-19 08:39:01,5,14,0.6261129656457474,0.5942194038762451,0.2299707415617056,0.0074736613489293615,0.14391629279254708,0.1353165361055734
25,2025-05-19 08:44:01,0,2,0.42269462703790556,0.07427620467920697,0.4824505939135817,0.08341966089661101,0.09485477904851278,8.551377677580617e-05
25,2025-05-19 08:44:01,1,2,0.7789281815916738,0.15319656234282408,0.13382999416475427,0.02078507827223547,0.08724182424357203,0.0
25,2025-05-19 08:44:01,2,7,0.2518470305848677,0.005719718904197368,0.6306534336822378,0.5638444788263084,0.11749953573289466,0.004689316022430724
25,2025-05-19 08:44:01,3,5,0.5620188468326117,0.12080696010970017,0.2779248454584532,0.004774632028960372,0.16005630770893517,0.14590632209442733
25,2025-05-19 08:44:01,4,10,0.4661504400335794,0.44194637520180025,0.4413116826037604,0.41107514096998465,0.09253787736266016,0.0007061424419439702
25,2025-05-19 08:44:01,5,14,0.6346002701505836,0.5968146597062878,0.21420989009306143,0.003968746743831363,0.15118983975635494,0.13781067960446253
26,2025-05-19 08:49:01,0,2,0.42269462703790556,0.05339673982537456,0.4824505939135817,0.05821540903560914,0.09485477904851278,9.65056675088224e-05
26,2025-05-19 08:49:01,1,2,0.7789281815916738,0.14736147141140554,0.13382999416475427,0.01396879971312945,0.08724182424357203,0.0
26,2025-05-19 08:49:01,2,7,0.2518470305848677,0.00553766658791884,0.6306534336822378,0.5744273637778536,0.11749953573289466,0.00429589418790623
26,2025-05-19 08:49:01,3,5,0.5620188468326117,0.13561460218749974,0.2779248454584532,0.0018740658989403198,0.16005630770893517,0.14775047316314566
26,2025-05-19 08:49:01,4,10,0.4661504400335794,0.44221533805083024,0.4413116826037604,0.4135264282210609,0.09253787736266016,0.0
26,2025-05-19 08:49:01,5,14,0.6346002701505836,0.5986313387873177,0.21420989009306143,0.003999916327328595,0.15118983975635494,0.13955658005368493
27,2025-05-19 08:54:01,0,2,0.42269462703790556,0.035120375037214165,0.4824505939135817,0.044418133460252675,0.09485477904851278,6.741391260789853e-05
27,2025-05-19 08:54:01,1,2,0.7789281815916738,0.21022542254626175,0.13382999416475427,0.01072291621890508,0.08724182424357203,0.0
27,2025-05-19 08:54:01,2,7,0.2518470305848677,0.004910680533315424,0.6306534336822378,0.5818353832439354,0.11749953573289466,0.008079152574765429
27,2025-05-19 08:54:01,3,5,0.5620188468326117,0.09059023968421542,0.2779248454584532,0.0,0.16005630770893517,0.14904137891124847
27,2025-05-19 08:54:01,4,10,0.4661504400335794,0.4424036120451512,0.4413116826037604,0.41524232929681426,0.09253787736266016,0.0007729096907078357
27,2025-05-19 08:54:01,5,14,0.6346002701505836,0.5999030141440387,0.21420989009306143,0.0011287842326126029,0.15118983975635494,0.1407787103681406
28,2025-05-19 08:59:01,0,2,0.42269462703790556,0.07794476804209505,0.4824505939135817,0.03242812107013424,0.09485477904851278,0.0
28,2025-05-19 08:59:01,1,2,0.7789281815916738,0.1924063111072398,0.13382999416475427,0.007747579755984916,0.08724182424357203,8.046452277583119e-05
28,2025-05-19 08:59:01,2,7,0.2518470305848677,0.004010611908666165,0.6306534336822378,0.5870209968701925,0.11749953573289466,0.005163260119605664
28,2025-05-19 08:59:01,3,5,0.5620188468326117,0.06655359559454618,0.2779248454584532,0.0010465213495605683,0.16005630770893517,0.14994501293492046
28,2025-05-19 08:59:01,4,10,0.4661504400335794,0.44253540384117596,0.4413116826037604,0.4164434600498417,0.09253787736266016,0.0013036012933042025
28,2025-05-19 08:59:01,5,14,0.6346002701505836,0.6007931868937434,0.21420989009306143,0.04142803468176196,0.15118983975635494,0.14163420158825957
29,2025-05-19 09:04:01,0,2,0.42269462703790556,0.136480574405019,0.4824505939135817,0.022169263555407374,0.09485477904851278,0.00042741123404072624
29,2025-05-19 09:04:01,1,2,0.7789281815916738,0.1798942162026713,0.13382999416475427,0.006510566184330552,0.08724182424357203,0.0
29,2025-05-19 09:04:01,2,7,0.2518470305848677,0.024082265502996004,0.6306534336822378,0.5906509264085724,0.11749953573289466,0.003072530533880837
29,2025-05-19 09:04:01,3,5,0.5620188468326117,0.04405862006419762,0.2779248454584532,0.0,0.16005630770893517,0.15057755675149084
29,2025-05-19 09:04:01,4,10,0.4661504400335794,0.4426276580983932,0.4413116826037604,0.4172842515769608,0.09253787736266016,0.0003206542419697039
29,2025-05-19 09:04:01,5,14,0.6346002701505836,0.6014163078185366,0.21420989009306143,0.028197277137940836,0.15118983975635494,0.14223304544234286
30,2025-05-19 09:09:01,0,2,0.4072861832052141,0.1806814272512567,0.4987100685214427,0.01891372640300535,0.09400374827334336,0.0
30,2025-05-19 09:09:01,1,2,0.7914832166089798,0.1665883510943058,0.12217691858827252,0.0035624724521215205,0.08633986480274773,0.00017526000020435555
30,2025-05-19 09:09:01,2,7,0.23054343487558274,0.0158095386791866,0.6587856503057326,0.6012095588231344,0.11067091481868467,0.0021085406508221387
30,2025-05-19 09:09:01,3,5,0.5647210024673708,0.0828075079413817,0.2604352856723598,0.002115948837050425,0.1748437118602694,0.15523474760622036
30,2025-05-19 09:09:01,4,10,0.4589384655294248,0.4406368233447613,0.4488749639900575,0.4200283408410389,0.09218657048051777,0.0009992563047025004
30,2025-05-19 09:09:01,5,14,0.6459136063098899,0.6050767932712942,0.19585789124699807,0.07555759300195303,0.15822850244311204,0.1446582550059269
31,2025-05-19 09:14:01,0,2,0.4072861832052141,0.21483565556252746,0.4987100685214427,0.10843595451222582,0.09400374827334336,0.00043447774780402645
31,2025-05-19 09:14:01,1,2,0.7914832166089798,0.15808328330367485,0.12217691858827252,0.0026000499542240363,0.08633986480274773,0.0
31,2025-05-19 09:14:01,2,7,0.23054343487558274,0.012301258480431381,0.6587856503057326,0.6086006015133278,0.11067091481868467,0.0007132193223100754
31,2025-05-19 09:14:01,3,5,0.5647210024673708,0.05626523131077664,0.2604352856723598,0.0003272194084254466,0.1748437118602694,0.15849478120453103
31,2025-05-19 09:14:01,4,10,0.4589384655294248,0.43924323901721896,0.4488749639900575,0.4219492033258936,0.09218657048051777,0.0004864343164772591
31,2025-05-19 09:14:01,5,14,0.6459136063098899,0.6076391330882245,0.19585789124699807,0.10870981410676156,0.15822850244311204,0.14635590170043575
32,2025-05-19 09:19:01,0,2,0.4072861832052141,0.2664615211072552,0.4987100685214427,0.07214481977662586,0.09400374827334336,0.0004852956488720037
32,2025-05-19 09:19:01,1,2,0.7914832166089798,0.15701824908354817,0.12217691858827252,0.0017119332545642422,0.08633986480274773,0.000479159685065233
32,2025-05-19 09:19:01,2,7,0.23054343487558274,0.010262934070110832,0.6587856503057326,0.6137743313964632,0.11067091481868467,0.0007592559070799694
32,2025-05-19 09:19:01,3,5,0.5647210024673708,0.03629403178181339,0.2604352856723598,0.0018727928889361836,0.1748437118602694,0.1607768047233485
32,2025-05-19 09:19:01,4,10,0.4589384655294248,0.4382677299879393,0.4488749639900575,0.42329380706529185,0.09218657048051777,0.000983028137244169
32,2025-05-19 09:19:01,5,14,0.6459136063098899,0.6094327709600758,0.19585789124699807,0.13191636888012753,0.15822850244311204,0.14754425438659194
33,2025-05-19 09:24:01,0,2,0.4072861832052141,0.27374082000873357,0.4987100685214427,0.05280341199912381,0.09400374827334336,0.0
33,2025-05-19 09:24:01,1,2,0.7914832166089798,0.15787363243910935,0.12217691858827252,0.0016502919099532563,0.08633986480274773,0.00039193148682210204
33,2025-05-19 09:24:01,2,7,0.23054343487558274,0.03553592969843869,0.6587856503057326,0.617395942314658,0.11067091481868467,0.001068854442590241
33,2025-05-19 09:24:01,3,5,0.5647210024673708,0.08205748867202314,0.2604352856723598,0.0,0.1748437118602694,0.1623742211865207
33,2025-05-19 09:24:01,4,10,0.4589384655294248,0.4375848736674436,0.4488749639900575,0.42423502968287063,0.09218657048051777,0.0007177130668234289
33,2025-05-19 09:24:01,5,14,0.6459136063098899,0.6106883174703716,0.19585789124699807,0.1481609572214837,0.15822850244311204,0.1483761012669013
34,2025-05-19 09:29:01,0,2,0.4072861832052141,0.3076951362195995,0.4987100685214427,0.12760955218291892,0.09400374827334336,0.00035786604772043647
34,2025-05-19 09:29:01,1,2,0.7914832166089798,0.15957485747599492,0.12217691858827252,0.000781165405264762,0.08633986480274773,0.0
34,2025-05-19 09:29:01,2,7,0.23054343487558274,0.0553141308845167,0.6587856503057326,0.6199310699573943,0.11067091481868467,0.00021124310157903388
34,2025-05-19 09:29:01,3,5,0.5647210024673708,0.05701028903848737,0.2604352856723598,0.0012633734140648156,0.1748437118602694,0.16349241271074128
34,2025-05-19 09:29:01,4,10,0.4589384655294248,0.4371068742430966,0.4488749639900575,0.4248938855151758,0.09218657048051777,0.0
34,2025-05-19 09:29:01,5,14,0.6459136063098899,0.6115672000275787,0.19585789124699807,0.15953216906043305,0.15822850244311204,0.1489583940831178
35,2025-05-19 09:34:01,0,2,0.39520112921878936,0.32801891718107457,0.5114625976256473,0.08689337125453135,0.09333627315556342,0.0005056263587051085
35,2025-05-19 09:34:01,1,2,0.8011409358530615,0.1539663090299559,0.11321301429867119,0.0,0.08564604984826749,0.0
35,2025-05-19 09:34:01,2,7,0.21295928440968617,0.03942487552185951,0.6821847209336438,0.6283743944362645,0.1048559946566699,0.0
35,2025-05-19 09:34:01,3,5,0.5598932126719072,0.091351556748721,0.24413039108205672,0.07046152284823153,0.1959763962460361,0.17029796182763918
35,2025-05-19 09:34:01,4,10,0.45328201493793097,0.4351601862274779,0.4548069493910748,0.42704570043707935,0.09191103567099433,0.007243848702949705
35,2025-05-19 09:34:01,5,14,0.6580319298933271,0.554710836101406,0.17728140011963167,0.16219771737639815,0.1646866699870412,0.1512065768044892
36,2025-05-19 09:39:01,0,2,0.39520112921878936,0.3176521505101315,0.5114625976256473,0.0639303641491314,0.09333627315556342,0.0011126424363839098
36,2025-05-19 09:39:01,1,2,0.8011409358530615,0.25516811804226947,0.11321301429867119,0.0009470995582977874,0.08564604984826749,0.00015495252935149184
36,2025-05-19 09:39:01,2,7,0.21295928440968617,0.05914746700762741,0.6821847209336438,0.6342847215714735,0.1048559946566699,1.7292047608623298e-05
36,2025-05-19 09:39:01,3,5,0.5598932126719072,0.06365912038276653,0.24413039108205672,0.11890022745214823,0.1959763962460361,0.1750618462094677
36,2025-05-19 09:39:01,4,10,0.45328201493793097,0.4337975046165448,0.4548069493910748,0.4285519708824118,0.09191103567099433,0.005293435222475276
36,2025-05-19 09:39:01,5,14,0.6580319298933271,0.515436447237497,0.17728140011963167,0.16406360119757374,0.1646866699870412,0.15278030470944917
37,2025-05-19 09:44:01,0,2,0.39520112921878936,0.30728446919249064,0.5114625976256473,0.04461468828580195,0.09333627315556342,0.009545247365281785
37,2025-05-19 09:44:01,1,2,0.8011409358530615,0.18296771223923913,0.11321301429867119,0.0006188332694899053,0.08564604984826749,0.0005507230132114759
37,2025-05-19 09:44:01,2,7,0.21295928440968617,0.10209662296209973,0.6821847209336438,0.63842195056612,0.1048559946566699,0.0009315060692538624
37,2025-05-19 09:44:01,3,5,0.5598932126719072,0.09752644216429977,0.24413039108205672,0.15280732067488992,0.1959763962460361,0.17839656527674766
37,2025-05-19 09:44:01,4,10,0.45328201493793097,0.43284362748889166,0.4548069493910748,0.42960636019414455,0.09191103567099433,0.004363042443504744
37,2025-05-19 09:44:01,5,14,0.6580319298933271,0.4887209516560703,0.17728140011963167,0.16536971987239663,0.1646866699870412,0.15388191424292114
38,2025-05-19 09:49:01,0,2,0.39520112921878936,0.30303792960463843,0.5114625976256473,0.15161283805046188,0.09333627315556342,0.0064488215007232315
38,2025-05-19 09:49:01,1,2,0.8011409358530615,0.12833257946936164,0.11321301429867119,0.01809545370747588,0.08564604984826749,0.00029463666768881936
38,2025-05-19 09:49:01,2,7,0.21295928440968617,0.13216103213023037,0.6821847209336438,0.6413180108623724,0.1048559946566699,0.0009107384853745556
38,2025-05-19 09:49:01,3,5,0.5598932126719072,0.06911228138050769,0.24413039108205672,0.17654228593080912,0.1959763962460361,0.18073086862384363
38,2025-05-19 09:49:01,4,10,0.45328201493793097,0.43217591349953444,0.4548069493910748,0.43034443271235745,0.09191103567099433,0.0027236106442016564
38,2025-05-19 09:49:01,5,14,0.6580319298933271,0.46885980716825826,0.17728140011963167,0.16628400294477264,0.1646866699870412,0.15465304091635151
39,2025-05-19 09:54:01,0,2,0.39520112921878936,0.2959172721827485,0.5114625976256473,0.10400869582097563,0.09333627315556342,0.004423136726993228
39,2025-05-19 09:54:01,1,2,0.8011409358530615,0.09554467472006394,0.11321301429867119,0.012431975211498806,0.08564604984826749,0.0001282831437620269
39,2025-05-19 09:54:01,2,7,0.21295928440968617,0.15320611854792182,0.6821847209336438,0.6433452530697491,0.1048559946566699,0.0007598383755029066
39,2025-05-19 09:54:01,3,5,0.5598932126719072,0.11659247614390962,0.24413039108205672,0.19315676160995254,0.1959763962460361,0.1823648809668108
39,2025-05-19 09:54:01,4,10,0.45328201493793097,0.4317085137069844,0.4548069493910748,0.4308610834751065,0.09191103567099433,0.0018434227666256498
39,2025-05-19 09:54:01,5,14,0.6580319298933271,0.515740965037379,0.17728140011963167,0.16692400109543587,0.1646866699870412,0.1551928295877528
40,2025-05-19 09:59:01,0,2,0.39030618780276866,0.2948953219270314,0.5168810489379658,0.07016123414602529,0.09281276325926541,0.007890318951826545
40,2025-05-19 09:59:01,1,2,0.808569950656201,0.06235688522034229,0.10631770330667013,0.008877206890249761,0.08511234603712882,0.0005817251432419263
40,2025-05-19 09:59:01,2,7,0.19857388535418471,0.16383784030948792,0.7014645666266545,0.6502590786374208,0.09996154801916077,0.0
40,2025-05-19 09:59:01,3,5,0.5490947356116371,0.1432396577971743,0.2271165312760908,0.19993794454065264,0.22378873311227196,0.19143520561376504
40,2025-05-19 09:59:01,4,10,0.4488455831014651,0.4301169507788066,0.45945948696050004,0.43254871221631697,0.09169492993803476,0.0006027007480754293
40,2025-05-19 09:59:01,5,14,0.6593209592522862,0.5489251489130669,0.16536940233667352,0.16397708043275705,0.17530963841104039,0.15859822765857345
41,2025-05-19 10:04:01,0,2,0.39030618780276866,0.3035723560519355,0.5168810489379658,0.04794808199326854,0.09281276325926541,0.005451556357909883
41,2025-05-19 10:04:01,1,2,0.808569950656201,0.04098091904623876,0.10631770330667013,0.00542050812059643,0.08511234603712882,0.0
41,2025-05-19 10:04:01,2,7,0.19857388535418471,0.1712800455425842,0.7014645666266545,0.6550987565347911,0.09996154801916077,0.0
41,2025-05-19 10:04:01,3,5,0.5490947356116371,0.2567597601073386,0.2271165312760908,0.13940269355481558,0.22378873311227196,0.197784432866633
41,2025-05-19 10:04:01,4,10,0.4488455831014651,0.4290028567290821,0.45945948696050004,0.4337300523351644,0.09169492993803476,0.00017509374330711223
41,2025-05-19 10:04:01,5,14,0.6593209592522862,0.5721540776260483,0.16536940233667352,0.16191423596888188,0.17530963841104039,0.1609820063081479
42,2025-05-19 10:09:01,0,2,0.39030618780276866,0.3088041153966818,0.5168810489379658,0.037395758985018436,0.09281276325926541,0.008218556719221342
42,2025-05-19 10:09:01,1,2,0.808569950656201,0.03135116880678884,0.10631770330667013,0.0046380274906046735,0.08511234603712882,6.3554890774677244e-06
42,2025-05-19 10:09:01,2,7,0.19857388535418471,0.17648958920575156,0.7014645666266545,0.6584865310629503,0.09996154801916077,1.0559398629701424e-05
42,2025-05-19 10:09:01,3,5,0.5490947356116371,0.3362238317244536,0.2271165312760908,0.16231009690205678,0.22378873311227196,0.20222889194364058
42,2025-05-19 10:09:01,4,10,0.4488455831014651,0.428222990894275,0.45945948696050004,0.4345569904183575,0.09169492993803476,0.0
42,2025-05-19 10:09:01,5,14,0.6593209592522862,0.5884143277251352,0.16536940233667352,0.16047024484416925,0.17530963841104039,0.16265065136285003
43,2025-05-19 10:14:01,0,2,0.39030618780276866,0.3274001443014663,0.5168810489379658,0.025914416815142508,0.09281276325926541,0.005097197106785128
43,2025-05-19 10:14:01,1,2,0.808569950656201,0.020449409772410092,0.10631770330667013,0.0028547225812906836,0.08511234603712882,0.0
43,2025-05-19 10:14:01,2,7,0.19857388535418471,0.18013626976996872,0.7014645666266545,0.6608579732326617,0.09996154801916077,0.0
43,2025-05-19 10:14:01,3,5,0.5490947356116371,0.39184868185643407,0.2271165312760908,0.1783452792451256,0.22378873311227196,0.20534001329754586
43,2025-05-19 10:14:01,4,10,0.4488455831014651,0.42767708480991,0.45945948696050004,0.4351358470765927,0.09169492993803476,0.0
43,2025-05-19 10:14:01,5,14,0.6593209592522862,0.5997965027944963,0.16536940233667352,0.15945945105687043,0.17530963841104039,0.16381870290114153
44,2025-05-19 10:19:01,0,2,0.39030618780276866,0.34041736453481547,0.5168810489379658,0.16545119071792,0.09281276325926541,0.003453699507060147
44,2025-05-19 10:19:01,1,2,0.808569950656201,0.12499671023426338,0.10631770330667013,0.0012653410759563628,0.08511234603712882,0.0
44,2025-05-19 10:19:01,2,7,0.19857388535418471,0.18268894616492073,0.7014645666266545,0.6625179827514597,0.09996154801916077,0.0
44,2025-05-19 10:19:01,3,5,0.5490947356116371,0.43078607694882043,0.2271165312760908,0.1895699068852738,0.22378873311227196,0.2075177982452796
44,2025-05-19 10:19:01,4,10,0.4488455831014651,0.42729495055085454,0.45945948696050004,0.4355410467373574,0.09169492993803476,0.0
44,2025-05-19 10:19:01,5,14,0.6593209592522862,0.607764025343049,0.16536940233667352,0.15875189540576123,0.17530963841104039,0.16463633897794558
45,2025-05-19 10:24:01,0,2,0.39113192699814,0.33561611535470803,0.5164659057396911,0.26300861663835595,0.09240216726216897,0.0025261199783502466
45,2025-05-19 10:24:01,1,2,0.8142845774278469,0.16664523162304867,0.10101361792820779,0.00011922508728980823,0.08470180464394525,0.0
45,2025-05-19 10:24:01,2,7,0.18711006562657861,0.1812086310190194,0.7168962139601492,0.6680780089046643,0.0959937204132722,0.0
45,2025-05-19 10:24:01,3,5,0.5305220956677585,0.4527490511294855,0.21332273513340322,0.19349591433271157,0.25615516919883813,0.21826668199336458
45,2025-05-19 10:24:01,4,10,0.4453660287199233,0.4260357835707763,0.4631085360345592,0.43686466548599945,0.09152543524551747,0.0
45,2025-05-19 10:24:01,5,14,0.6603521827394533,0.6136351898208784,0.15583980411030698,0.15554067095547033,0.18380801315023967,0.1676307210323802
46,2025-05-19 10:29:01,0,2,0.39113192699814,0.33192914284470354,0.5164659057396911,0.3312988147826611,0.09240216726216897,0.0016231560618974444
46,2025-05-19 10:29:01,1,2,0.8142845774278469,0.22827243104002823,0.10101361792820779,0.0,0.08470180464394525,0.0006032051138501497
46,2025-05-19 10:29:01,2,7,0.18711006562657861,0.18017241041688847,0.7168962139601492,0.6719700272119076,0.0959937204132722,0.0064284223209688475
46,2025-05-19 10:29:01,3,5,0.5305220956677585,0.468123133055951,0.21332273513340322,0.196244119545918,0.25615516919883813,0.15221047932611168
46,2025-05-19 10:29:01,4,10,0.4453660287199233,0.4251543666847215,0.4631085360345592,0.4377911986100489,0.09152543524551747,0.0
46,2025-05-19 10:29:01,5,14,0.6603521827394533,0.617745004955359,0.15583980411030698,0.15329281384026672,0.18380801315023967,0.16972678847048442
47,2025-05-19 10:34:01,0,2,0.39113192699814,0.33246678352377584,0.5164659057396911,0.3791019534836747,0.09240216726216897,0.0009796859636367046
47,2025-05-19 10:34:01,1,2,0.8142845774278469,0.25841176068978566,0.10101361792820779,0.019390426024535695,0.08470180464394525,0.0009587103191025076
47,2025-05-19 10:34:01,2,7,0.18711006562657861,0.17944705599539684,0.7168962139601492,0.6746944400269779,0.0959937204132722,0.03185810594246077
47,2025-05-19 10:34:01,3,5,0.5305220956677585,0.47888499040447685,0.21332273513340322,0.1981678631951625,0.25615516919883813,0.10513552581812276
47,2025-05-19 10:34:01,4,10,0.4453660287199233,0.4245373748644832,0.4631085360345592,0.43843977179688354,0.09152543524551747,0.00021328597708028513
47,2025-05-19 10:34:01,5,14,0.6603521827394533,0.6206218755494954,0.15583980411030698,0.1517193138596242,0.18380801315023967,0.17119403567715738
48,2025-05-19 10:39:01,0,2,0.39113192699814,0.3284226345952945,0.5164659057396911,0.4125641505743842,0.09240216726216897,0.007696181603263704
48,2025-05-19 10:39:01,1,2,0.8142845774278469,0.30095941177466884,0.10101361792820779,0.014347161573834895,0.08470180464394525,0.0013049470754605105
48,2025-05-19 10:39:01,2,7,0.18711006562657861,0.1789393079003527,0.7168962139601492,0.676601528997527,0.0959937204132722,0.049658884477505105
48,2025-05-19 10:39:01,3,5,0.5305220956677585,0.486418290548445,0.21332273513340322,0.19951448374963365,0.25615516919883813,0.0755489366132952
48,2025-05-19 10:39:01,4,10,0.4453660287199233,0.4241054805903164,0.4631085360345592,0.39791961155311006,0.09152543524551747,0.007755333117424781
48,2025-05-19 10:39:01,5,14,0.6603521827394533,0.6226356849653909,0.15583980411030698,0.1506178638731744,0.18380801315023967,0.17222110872182844
49,2025-05-19 10:44:01,0,2,0.39113192699814,0.3277708003922118,0.5164659057396911,0.43598768853788084,0.09240216726216897,0.0052361863378897824
49,2025-05-19 10:44:01,1,2,0.8142845774278469,0.21047302243808647,0.10101361792820779,0.009431829394070607,0.08470180464394525,0.0003174866711287668
49,2025-05-19 10:44:01,2,7,0.18711006562657861,0.1785838842338218,0.7168962139601492,0.6779364912769115,0.0959937204132722,0.06211942945203614
49,2025-05-19 10:44:01,3,5,0.5305220956677585,0.4916916006492227,0.21332273513340322,0.20045711813776346,0.25615516919883813,0.051584791589035534
49,2025-05-19 10:44:01,4,10,0.4453660287199233,0.42380315459839957,0.4631085360345592,0.41052966085702636,0.09152543524551747,0.005604641850620625
49,2025-05-19 10:44:01,5,14,0.6603521827394533,0.6240453515565177,0.15583980411030698,0.14984684888265956,0.18380801315023967,0.17294005985309818
